year,name,country_of_birth,description,count,annotation_flag,annotation_dx,annotation_dy
2022,Heidi Crowter,United Kingdom,Disability campaigner,103,0,0,0
2022,Moud Goba,United Kingdom,LGBTQ+ activist,103,0,0,0
2022,Jebina Yasmin Islam,United Kingdom,UK campaigner for women's safety,103,0,0,0
2021,Natasha Asghar,United Kingdom,Member of the Welsh Senedd,103,0,0,0
2021,Jos Boys,United Kingdom,Architect,103,0,0,0
2021,Baroness Helena Kennedy QC,United Kingdom,Director - International Bar Association's Human Rights Institute,103,0,0,0
2021,Soma Sara,United Kingdom,Founder - Everyone’s Invited,103,0,0,0
2021,Mina Smallman,United Kingdom,Priest and educator,103,0,0,0
2020,Elizabeth Anionwu,United Kingdom,Sickle cell and thalassaemia nurse specialist,103,0,0,0
2020,Diana Barran,United Kingdom,Minister for Civil Society,103,0,0,0
2020,Shani Dhanda,United Kingdom,Disability activist,103,0,0,0
2020,Naomi Dickson,United Kingdom,Advocate for Jewish women and children suffering from domestic abuse,103,0,0,0
2020,Siouxsie Wiles,United Kingdom,Scientist and public health communicator,103,0,0,0
2020,Sarah Gilbert,United Kingdom,Scientist developing COVID-19 vaccine,103,0,0,0
2020,Jackie Kay,United Kingdom,"Writer, national poet of Scotland",103,0,0,0
2020,Lucy Monaghan,United Kingdom,Campaigner against sexual violence,103,0,0,0
2020,Elin Williams,United Kingdom,Disability rights activist,103,0,0,0
2019,Dina Asher-Smith,United Kingdom,Fastest woman in British history,103,0,0,0
2019,Scarlett Curtis,United Kingdom,Co-founder of The Pink Protest,103,0,0,0
2019,Ella Daish,United Kingdom,Environmentalist and anti-plastic campaigner,103,0,0,0
2019,Sharan Dhaliwal,United Kingdom,"Writer and advocate for mental and sexual health for young South Asians, and LGBTQ rights",103,0,0,0
2019,Bethany Firth,United Kingdom,Paralympic swimmer,103,0,0,0
2019,Lauren Mahon,United Kingdom,Cancer survivor and podcaster,103,0,0,0
2019,Gina Martin,United Kingdom,Campaigner to make upskirting illegal in England and Wales,103,0,0,0
2019,Sarah Martins Da Silva,United Kingdom,Fertility researcher,103,0,0,0
2019,Onjali Q. Raúf,United Kingdom,Writer and founder of Making Herstory,103,0,0,0
2018,Judith Balcazar,United Kingdom,Fashion designer and co-founder of Giggle Knickers (underwear for women with urinary incontinence),103,0,0,0
2018,Barbara Burton,United Kingdom,"Founder and CEO of BehindBras, a charity that supports women prison leavers",103,0,0,0
2018,Chidera Eggerue,United Kingdom,"""The Slumflower"" blogger",103,0,0,0
2018,Nicole Evans,United Kingdom,Early menopause,103,0,0,0
2018,Jameela Jamil,United Kingdom,British actor who founded @i-weigh,103,1,-25,-48
2018,Liz Johnson,United Kingdom,"Paralympian gold medal swimmer and entrepreneur, with a recruitment agency aiming to close the disability employment gap",103,0,0,0
2018,Lisa McGee,United Kingdom,Northern Irish playwright and the writer and creator of Derry Girls,103,0,0,0
2018,Kirsty McGurrell,United Kingdom,"Charity co-ordinator of 4Louis, providing memory boxes for bereaved parents of stillborn babies",103,0,0,0
2018,Becki Meakin,United Kingdom,"General manager of Shaping Our Lives, advocate for people with disabilities",103,0,0,0
2018,Sam Ross,United Kingdom,Catering assistant and advocate for people with Down syndrome,103,0,0,0
2018,Helen Taylor Thompson,United Kingdom,AIDs Hospice founder,103,0,0,0
2017,Michelle Mone,United Kingdom,Entrepreneur,103,0,0,0
2017,Frances Melanie Hardinge,United Kingdom,Author,103,0,0,0
2017,Anne-Marie Imafidon,United Kingdom,CEO & 'Head Stemette' at Stemettes,103,0,0,0
2017,Ellie Cosgrave,United Kingdom,Lecturer in Urban Innovation and Policy at UCL,103,0,0,0
2017,Liz Kelly,United Kingdom,Professor of Sexualised Violence,103,0,0,0
2017,Resham Khan,United Kingdom,Student,103,0,0,0
2017,Steph Houghton,United Kingdom,Footballer,103,0,0,0
2016,Babs Forman,United Kingdom,London based make-up artist who covers up skin problems,103,0,0,0
2016,Becci Wain,United Kingdom,Former self-harmer who challenged supermarket policy,103,0,0,0
2016,Iskra Lawrence,United Kingdom,Model,103,0,0,0
2016,Jeanette Winterson,United Kingdom,novelist,103,0,0,0
2016,June Eric-Udorie,United Kingdom,Student activist,103,0,0,0
2016,Liv Little,United Kingdom,Magazine editor,103,0,0,0
2016,Megan Beveridge,United Kingdom,"First female ""lone piper"" at the Edinburgh Tattoo",103,0,0,0
2016,Nadiya Hussain,United Kingdom,"Winner of reality show ""Bake Off"" – went on to television jobs",103,0,0,0
2016,Sian Williams,United Kingdom,Rugby player,103,0,0,0
2015,Nicola Adams,United Kingdom,boxer,103,0,0,0
2015,Nicola Benedetti,United Kingdom,Musician,103,0,0,0
2015,Claire Fox,United Kingdom,Writer and broadcaster,103,0,0,0
2015,Melanie Goldsmith,United Kingdom,Entrepreneur,103,0,0,0
2015,Alice Gray,United Kingdom,Science blogger,103,0,0,0
2015,Michaela Hollywood,United Kingdom,Fundraiser for the disabled,103,0,0,0
2015,Tina Lavender,United Kingdom,Midwife,103,0,0,0
2015,Jessy McCabe,United Kingdom,Student,103,0,0,0
2015,Jenni Rhodes,United Kingdom,Textile designer,103,0,0,0
2015,"Patricia Scotland, Baroness Scotland of Asthal",United Kingdom,Trade envoy,103,0,0,0
2015,Sophie Walker,United Kingdom,Leader of the Women's Equality Party,103,0,0,0
2014,Laura Bates,United Kingdom,"Founder, Everyday Sexism project",103,0,0,0
2014,Pinky Lilani,United Kingdom,"Founder, Asian Women of Achievement Awards",103,0,0,0
2014,Susie Orbach,United Kingdom,Psychotherapist,103,0,0,0
2014,Kate Shand,United Kingdom,Managing director of Enjoy Education,103,0,0,0
2014,Shappi Khorsandi,United Kingdom,Comedian,103,0,0,0
2014,Shazia Saleem,United Kingdom,Founder ieat Foods,103,0,0,0
2014,Michaela Bergman,United Kingdom,"Chief Counsellor for Social Issues, European Bank for Reconstruction and Development",103,0,0,0
2014,Lucy-Anne Holmes,United Kingdom,"Founder, No More Page Three campaign",103,0,0,0
2014,Brianna Stubbs,United Kingdom,Rower for Great Britain and Oxford PhD Scientist,103,0,0,0
2014,Matilda Tristam,United Kingdom,Comics writer,103,0,0,0
2014,Lesley Yellowlees,United Kingdom,"First female president, Royal Chemistry Society",103,0,0,0
2014,Katherine Brown,United Kingdom,"Academic, King's College London",103,0,0,0
2014,Aowen Jin,United Kingdom,Chinese-born British artist,103,0,0,0
2014,Eliza Rebeiro,United Kingdom,Founder of Lives not Knives,103,0,0,0
2014,Alice Hagan,United Kingdom,Technician at healthcare company BTG,103,0,0,0
2014,Heather Jackson,United Kingdom,Women's business campaigner,103,0,0,0
2014,Molly Case,United Kingdom,Student nurse and Women of the Future Ambassador,103,0,0,0
2014,Jess Butcher,United Kingdom,Co-founder of Blippar,103,0,0,0
2014,Katy Tuncer,United Kingdom,"Founder, Ready Steady Mums",103,0,0,0
2014,Smruti Sriram,United Kingdom,"Founder, Wings of Hope & Achievement Awards",103,0,0,0
2014,Kate Wilson,United Kingdom,Founder of independent children's book publisher in UK,103,0,0,0
2014,Arabella Dorman,United Kingdom,War artist,103,0,0,0
2014,Jocelyn Bell Burnell,United Kingdom,Scientist who discovered Pulsars,103,0,0,0
2014,Shelina Zahra Janmohamed,United Kingdom,"Blogger, columnist and author",103,0,0,0
2014,Brie Rogers Lowery,United Kingdom,Director of Change.org,103,0,0,0
2014,Balvinder Saund,United Kingdom,Chair of Women's Sikh Alliance,103,0,0,0
2014,Kim Winser,United Kingdom,"Founder, Winser London",103,0,0,0
2014,Judith Webb,United Kingdom,First female commander of an all-male British Army squadron@sjbwebb,103,0,0,0
2014,Diana Nammi,United Kingdom,"Kurdish women's rights campaigner against ""honour"" killing",103,0,0,0
2014,Karen Masters,United Kingdom,Scientist at the Institute of Cosmology and Gravitation,103,0,0,0
2014,Ayesha Mustafa,United Kingdom,Founder and director of FashionComPassion.co.uk,103,0,0,0
2014,Tehmina Kazi,United Kingdom,Director of British Muslims for Secular Democracy,103,0,0,0
2014,Sophi Tranchell,United Kingdom,Head of Divine Chocolate,103,0,0,0
2014,Anjali Ramachandran,United Kingdom,Head of Innovation at PHD,103,0,0,0
2014,Yas Necati,United Kingdom,Campaigner for better sex education,103,0,0,0
2014,Nicky Moffat,United Kingdom,Highest Ranked woman in British Armed Forces,103,0,0,0
2014,Alice Powell,United Kingdom,Racing driver and first female to win a Formula Renault Championship,103,1,10,20
2014,Misty Haith,United Kingdom,Research Engineer at Imperial College London,103,0,0,0
2014,Kate Smurthwaite,United Kingdom,Comedian and activist,103,0,0,0
2021,Melinda French Gates,United States,Philanthropist and businesswoman,84,0,0,0
2021,Heidi J Larson,United States,Director - The Vaccine Confidence Project,84,0,0,0
2021,Depelsha Thomas McGruder,United States,Founder - Moms of Black Boys Utd.,84,0,0,0
2021,Amanda Nguyen,United States,Social entrepreneur,84,0,0,0
2021,Piper Stege Nelson,United States,Public Strategies Officer - The Safe Alliance,84,0,0,0
2021,Vera Wang,United States,Fashion designer,84,1,24,30
2020,Jane Fonda,United States,Actor and social activist,84,0,0,0
2020,Kiran Gandhi,United States,"Singer, musician, and gender liberation activist",84,0,0,0
2020,Vernetta M Nay Moberly,United States,Iñupiaq activist,84,0,0,0
2020,Kathy Sullivan,United States,Scientist and astronaut,84,0,0,0
2020,Alice Wong,United States,Disability rights activist,84,0,0,0
2019,Precious Adams,United States,Ballet dancer,84,0,0,0
2019,MiMi Aung,United States,NASA project manager and engineer,84,0,0,0
2019,Katie Bouman,United States,Processed first-ever image of a black hole,84,0,0,0
2019,Lisa Campo-Engelstein,United States,Bioethicist and fertility and contraceptive researcher,84,0,0,0
2019,Hollie,United States,Sex trafficking survivor,84,0,0,0
2019,Katrina Johnston-Zimmerman,United States,Urban anthropologist and co-founder of The Women Led Cities Initiative,84,0,0,0
2019,Amy Karle,United States,Bioartist and 3D-designer,84,0,0,0
2019,Fei-Fei Li,United States,Pioneer of artificial intelligence who encourages women and minorities to build AI,84,0,0,0
2019,Jamie Margolin,United States,Climate change activist and co-rounder of Zero Hour movement,84,0,0,0
2019,Alexandria Ocasio-Cortez,United States,Youngest woman elected to Congress,84,0,0,0
2019,Megan Rapinoe,United States,Advocate for equality in football(soccer),84,0,0,0
2019,Bella Thorne,United States,Actress and director,84,0,0,0
2019,Amy Webb,United States,Futurist,84,0,0,0
2019,Gina Zurlo,United States,Expert in religion statistics,84,0,0,0
2018,Frances Arnold,United States,Nobel Prize winning chemical engineer,84,0,0,0
2018,Chelsea Clinton,United States,Writer and organiser,84,0,0,0
2018,Stacey Cunningham,United States,NYSE President,84,0,0,0
2018,Jenny Davidson (businesswoman),United States,CEO of Stand Up Placer,84,0,0,0
2018,Randi Heesoo Griffin,United States,"Olympic ice hockey player and data scientist, advocate for equal pay for women in ice hockey",84,0,0,0
2018,Jessica Hayes,United States,Theology teacher and consecrated virgin,84,0,0,0
2018,Robin Morgan,United States,"Author and activist, founder of The Sisterhood Is Global Institute and the Women's Media Center",84,0,0,0
2018,Gladys West,United States,"Mathematician, instrumental in developing GPS",84,0,0,0
2017,Amy Cuddy,United States,Harvard social psychologist and bestselling author,84,0,0,0
2017,Elaine Welteroth,United States,Editor-in-chief of Teen Vogue,84,0,0,0
2017,Erin Akinci,United States,Data scientist,84,0,0,0
2017,Lea Coligado,United States,Software engineer,84,0,0,0
2017,Lori Nishiura Mackenzie,United States,"Executive Director of the Clayman Institute, Stanford University",84,0,0,0
2017,Maci Peterson,United States,"Co-Founder and CEO, On Second Thought",84,0,0,0
2017,Marilyn Loden,United States,"Author, management consultant and diversity advocate",84,0,0,0
2017,Natalia Margolis,United States,Software Engineer at Huge agency,84,0,0,0
2017,Rumman Chowdhury,United States,Senior Principal at Accenture AI,84,0,0,0
2017,Sasha Perigo,United States,Student,84,0,0,0
2017,Peggy Whitson,United States,Astronaut,84,0,0,0
2017,Amanda Nunez-Ferreira,United States,Student,84,0,0,0
2017,Grace Larsen,United States,Retired civil servant,84,0,0,0
2016,Alicia Keys,United States,"Singer, songwriter, pianist, actress, record producer and philanthropist",84,1,-18,25
2016,Cat Hulbert,United States,Professional gambler,84,0,0,0
2016,Erin McKenney,United States,Science award winner,84,0,0,0
2016,Ieshia Evans,United States,Black protester,84,0,0,0
2016,Jamilah Lemieux,United States,Cultural commentator,84,0,0,0
2016,Jane Elliott,United States,Anti-racism activist,84,0,0,0
2016,Judi Aubel,United States,Social entrepreneur,84,0,0,0
2016,Katherine Johnson,United States,Space scientist who was a mathematician for NASA,84,0,0,0
2016,Kathy Murray,United States,"""surrendered wife""",84,0,0,0
2016,Lois Strong,United States,Cheerleader,84,0,0,0
2016,Marne Levine,United States,COO of Instagram,84,0,0,0
2016,Rebecca Walker,United States,Writer and activist,84,0,0,0
2016,Simone Biles,United States,Olympic gymnast,84,1,-25,-35
2016,Stephanie Yim Bell,United States,"Korean-American professional wrestler, then known as Jade",84,0,0,0
2015,Bobbi Brown,United States,Make-up artist and entrepreneur,84,0,0,0
2015,Megan Grano,United States,Comedian,84,0,0,0
2015,Samantha John,United States,Entrepreneur of Hopscotch company,84,0,0,0
2015,Amara Majeed,United States,Hijab activist and author,84,0,0,0
2015,Brit Morin,United States,Entrepreneur,84,0,0,0
2015,Delaney Osborne,United States,Student,84,0,0,0
2015,Hilary Swank[39],United States,Actress,84,0,0,0
2015,Julie Sygiel,United States,Entrepreneur,84,0,0,0
2014,Linda Tirado,United States,Campaigner,84,0,0,0
2014,Ruby Wax,United States,Mental health campaigner and comic,84,0,0,0
2014,Farah Mohamed,United States,Girls 20 summit founder,84,0,0,0
2014,Brooke Magnanti,United States,"Anthropologist, author, former sex worker",84,0,0,0
2022,Victoria Baptiste,United States,Nurse and vaccine educator,84,0,0,0
2022,Selma Blair,United States,Actress,84,0,0,0
2022,Tarana Burke,United States,Activist,84,0,0,0
2022,Billie Eilish,United States,Singer and songwriter,84,0,0,0
2022,Judith Heumann,United States,Disability rights advocate,84,0,0,0
2022,Ifeoma Ozoma,United States,Public policy and tech specialist,84,0,0,0
2022,Jane Rigby,United States,Astronomer and astrophysicist,84,0,0,0
2022,Monica Simpson,United States,Reproductive justice activist,84,0,0,0
2020,Patrisse Cullors,United States,Human rights activist,84,0,0,0
2020,Lauren Gardner,United States,Epidemiologist,84,0,0,0
2020,Alicia Garza,United States,Human rights activist,84,0,0,0
2020,Ayu (Opal) Tometi,United States,Human rights activist,84,0,0,0
2022,Fatima Amiri,Afghanistan,Student,60,0,0,0
2022,Zahra Joya,Afghanistan,Journalist,60,0,0,0
2022,Tamana Zaryab Paryani,Afghanistan,Activist,60,0,0,0
2021,Lima Aafshid,Afghanistan,Poet,60,0,0,0
2021,Muqadasa Ahmadzai,Afghanistan,Social and political activist,60,0,0,0
2021,Rada Akbar,Afghanistan,Artist,60,0,0,0
2021,Leena Alam,Afghanistan,Actress,60,0,0,0
2021,Dr Alema,Afghanistan,Philosopher and campaigner,60,0,0,0
2021,Wahida Amiri,Afghanistan,Librarian and protester,60,0,0,0
2021,Zuhal Atmar,Afghanistan,Entrepreneur - Gul-e-Mursal recycling,60,0,0,0
2021,Crystal Bayat,Afghanistan,Activist,60,0,0,0
2021,Razia Barakzai,Afghanistan,Protester,60,0,0,0
2021,Nilofar Bayat,Afghanistan,Wheelchair basketball player,60,0,0,0
2021,Faiza Darkhani,Afghanistan,Environmentalist,60,0,0,0
2021,Pashtana Durrani,Afghanistan,Teacher - Learn Afghanistan,60,0,0,0
2021,Shila Ensandost,Afghanistan,Teacher,60,0,0,0
2021,Saeeda Etebari,Afghanistan,Jewellery designer,60,0,0,0
2021,Sahar Fetrat,Afghanistan,Feminist activist,60,0,0,0
2021,Fatima Gailani,Afghanistan,Peace negotiator,60,0,0,0
2021,Ghawgha Taban,Afghanistan,Musician,60,0,0,0
2021,Angela Ghayour,Afghanistan,Teacher and founder - Herat Online School,60,0,0,0
2021,Najlla Habibyar,Afghanistan,Entrepreneur,60,0,0,0
2021,Zarlasht Halaimzai,Afghanistan,Chief executive - Refugee Trauma Initiative,60,0,0,0
2021,Shamsia Hassani,Afghanistan,Street artist,60,0,0,0
2021,Nasrin Husseini,Afghanistan,Veterinarian,60,0,0,0
2021,Momena Ibrahimi,Afghanistan,Policewoman,60,0,0,0
2021,Freshta Karim,Afghanistan,Founder of Charmaghz mobile library,60,0,0,0
2021,Amena Karimyan,Afghanistan,Astronomer,60,0,0,0
2021,Aliya Kazimy,Afghanistan,Educator,60,0,0,0
2021,*Mahera,Afghanistan,Medical doctor,60,0,0,0
2021,*Maral,Afghanistan,Campaigner,60,0,0,0
2021,*Masouma,Afghanistan,Public prosecutor,60,0,0,0
2021,Mohadese Mirzaee,Afghanistan,Pilot,60,0,0,0
2021,Fahima Mirzaie,Afghanistan,Whirling-dervish dancer,60,0,0,0
2021,Basira Paigham,Afghanistan,Gender-minorities activist,60,0,0,0
2021,Rehana Popal,Afghanistan,Barrister,60,0,0,0
2021,*Razma,Afghanistan,Musician,60,0,0,0
2021,*Rohila,Afghanistan,Schoolgirl,60,0,0,0
2021,*Ruksana,Afghanistan,Surgeon,60,0,0,0
2021,Halima Sadaf Karimi,Afghanistan,Politician and former MP,60,0,0,0
2021,Roya Sadat,Afghanistan,Film-maker,60,0,0,0
2021,Shogufa Safi,Afghanistan,Orchestra conductor,60,0,0,0
2021,*Sahar,Afghanistan,Footballer,60,0,0,0
2021,Mahbouba Seraj,Afghanistan,Women's-rights activist,60,0,0,0
2021,Anisa Shaheed,Afghanistan,Journalist,60,0,0,0
2021,Fatima Sultani,Afghanistan,Mountaineer,60,0,0,0
2021,Sara Wahedi,Afghanistan,Chief executive - Ehtesab,60,0,0,0
2021,Roshanak Wardak,Afghanistan,Gynaecologist,60,0,0,0
2021,Benafsha Yaqoobi,Afghanistan,Disability activist,60,0,0,0
2021,Zala Zazai,Afghanistan,Policewoman,60,0,0,0
2020,Laleh Osmany,Afghanistan,Women's rights activist and founder of #WhereIsMyName campaign,60,0,0,0
2020,Somaya Faruqi,Afghanistan,Robotics team leader,60,0,0,0
2019,Zarifa Ghafari,Afghanistan,One of Afghanistan's first female mayors; clean city advocate,60,0,0,0
2018,Nargis Taraki,Afghanistan,NGO legal adviser who campaigns for female empowerment,60,0,0,0
2018,Safiya Wazir,Afghanistan,Community activist,60,0,0,0
2017,Sakena Yacoobi,Afghanistan,CEO of Afghan Institute for Learning and social entrepreneur with four private schools and one radio station.,60,0,0,0
2016,Mary Akrami,Afghanistan,Refuge founder,60,0,0,0
2016,Pashtun Rahmat,Afghanistan,Police officer,60,0,0,0
2015,Sonita Alizadeh[39],Afghanistan,Rapper,60,0,0,0
2015,Tahmina Kohistani,Afghanistan,Olympic sprinter,60,0,0,0
2022,Sirisha Bandla,India,Aeronautical engineer,47,0,0,0
2022,Priyanka Chopra,India,Actress and producer,47,1,28,-32
2022,Sneha Jawale,India,Social worker,47,0,0,0
2022,Geetanjali Shree,India,Author,47,0,0,0
2021,Mugdha Kalra,India,Co-founder - Not That Different,47,0,0,0
2021,Manjula Pradeep,India,Human-rights activist,47,0,0,0
2020,Bilkis Bano,India,Activist against the release of men convicted of gang-raping,47,1,-20,-25
2020,Bilkis Dadi,India,Protestor,47,0,0,0
2020,Isaivani,India,Gaana singer and political campaigner,47,1,20,-25
2020,Manasi Joshi,India,Para-badminton champion,47,0,0,0
2020,Ridhima Pandey,India,Climate activist,47,0,0,0
2019,Parveena Ahanger,India,Human rights activist,47,0,0,0
2019,Aranya Johar,India,"Beat poet who writes about gender equality, mental health and body positivity",47,0,0,0
2019,Susmita Mohanty,India,"Spaceship designer, entrepreneur and passionate climate action advocate",47,0,0,0
2019,Subhalakshmi Nandi,India,Gender equity researcher and campaigner,47,0,0,0
2019,Natasha Noel,India,Body positivity influencer,47,0,0,0
2019,Vandana Shiva,India,Environmental leader and winner of the Alternative Nobel Peace Prize,47,0,0,0
2019,Pragati Singh,India,"Indian Aces, an online community for asexual people",47,0,0,0
2018,Meena Gayen,India,Business owner and road builder,47,0,0,0
2018,Viji Palithodi,India,Activist who founded a women's union in Kerala,47,0,0,0
2018,Rahibai Soma Popere,India,"Farmer and founder of Seed Bank, India collecting indigenous seeds",47,0,0,0
2017,Savita Devi,India,Drummer,47,0,0,0
2017,Aditi Avasthi,India,"Entrepreneur; Founder and CEO, Embibe",47,0,0,0
2017,Ira Trivedi,India,Writer,47,0,0,0
2017,Mehroonisa Siddiqui,India,Homemaker,47,0,0,0
2017,Nitya Thummalachetty,India,"Director of Diversity, FortunaPIX",47,0,0,0
2017,Priyanka Roy,India,Student,47,0,0,0
2017,Tulika Kiran,India,Teacher and social worker,47,0,0,0
2017,Urvashi Sahni,India,"Founder and CEO, Study Hall Educational Foundation",47,0,0,0
2017,Rupi Kaur,India,Author,47,1,20,-25
2017,Virali Modi,India,Disability rights activist and youth ambassador,47,0,0,0
2017,Mithali Raj,India,Cricketer,47,0,0,0
2016,Gouri Chindarkar,India,"Computer engineering student of the ""School in the Cloud""",47,0,0,0
2016,Mallika Srinivasan,India,tractor manufacturer,47,0,0,0
2016,Neha Singh,India,Campaigner who encourages women to ignore harassment and reclaim the public space,47,0,0,0
2016,Saalumarada Thimmakka,India,105-year-old environmentalist who has managed trees,47,0,0,0
2015,Asha Bhosle,India,Singer,47,1,35,-20
2015,Kamini Kaushal,India,Bollywood actress,47,0,0,0
2015,Rimppi Kumari,India,Farmer,47,0,0,0
2015,Sania Mirza,India,Tennis player,47,1,-35,20
2015,Smriti Nagpal,India,Entrepreneur,47,0,0,0
2015,Mumtaz Shaikh,India,Human rights activist,47,0,0,0
2015,Kanika Tekriwal,India,Entrepreneur,47,0,0,0
2014,Ruby Chakravarti,India,Women's rights campaigner,47,0,0,0
2014,Aditi Mittal,India,Stand-up comedian,47,0,0,0
2014,Divya Sharma,India,Science student,47,0,0,0
2014,Kavita Krishnan,India,"Secretary, All India Progressive Women's Association",47,0,0,0
2022,Zar Amir Ebrahimi,Iran,Actress,26,0,0,0
2022,Niloufar Bayani,Iran,Ecologist,26,0,0,0
2022,Gohar Eshghi,Iran,Civil activist,26,0,0,0
2022,Zara Mohammadi,Iran,Educator,26,0,0,0
2022,Narges Mohammadi,Iran,Human rights campaigner,26,0,0,0
2022,Roya Piraei,Iran,Activist,26,0,0,0
2022,Sepideh Qoliyan,Iran,Political campaigner,26,0,0,0
2022,Elnaz Rekabi,Iran,"Climber, appeared at a sporting event without a hijab in violation of Iran's clothing laws, was arrested as her action was interpreted by the Iranian government as a silent protest against the law in the context of feminist protesters in Iran at the time",26,0,0,0
2022,Nazanin Zaghari-Ratcliffe,Iran,Charity worker,26,0,0,0
2022,Women cutting their hair,Iran,"Group of protesters against Iran's laws against women, (especially the law mandating that women have a hijab at all times) and against its restrictive laws and theocratic government more generally",26,1,40,-50
2022,Layli,Iran,Protester,26,0,0,0
2021,Saghi Ghahraman,Iran,Poet,26,0,0,0
2021,Hoda Khamosh,Iran,Period campaigner,26,0,0,0
2021,Salima Mazari,Iran,Politician and former district governor,26,0,0,0
2020,Nasrin Sotoudeh,Iran,Lawyer and human rights activist,26,0,0,0
2020,Pardis Sabeti,Iran,Computational geneticist,26,0,0,0
2019,Kimia Alizadeh,Iran,First female Iranian Olympic medallist,26,0,0,0
2019,Raya Bidshahri,Iran,Educator and founder of Awecademy,26,0,0,0
2018,Mitra Farazandeh,Iran,Artist advocate for people with physical disabilities,26,0,0,0
2018,Shaparak Shajarizadeh,Iran,"Activist against compulsory hijab rule, now in exile",26,0,0,0
2018,Maral Yazarloo-Pattrick,Iran,Fashion designer and motorcyclist,26,0,0,0
2017,Roya Ramezani,Iran,Design strategist,26,0,0,0
2016,Shirin Gerami,Iran,First woman triathlete in Iran,26,0,0,0
2015,Niloufar Ardalan,Iran,Footballer,26,0,0,0
2015,Masoumeh Ataei,Iran,Acid attack survivor,26,0,0,0
2015,Monir Farmanfarmaian,Iran,Artist,26,0,0,0
2022,Erika Hilton,Brazil,Politician and activist for black and LGBT rights,21,0,0,0
2022,Alice Pataxó,Brazil,Indigenous activist,21,0,0,0
2022,Simone Tebet,Brazil,Member of the Brazilian Federal Senate,21,0,0,0
2021,Natalia Pasternak Taschner,Brazil,Microbiologist and science communicator,21,0,0,0
2020,Lea T,Brazil,Transgender rights advocate and model,21,0,0,0
2020,Cibele Racy,Brazil,"Teacher, racial equality activist",21,0,0,0
2019,Tabata Amaral,Brazil,"Politician working for education, women's rights, political innovation and sustainable futures",21,0,0,0
2019,Djamila Ribeiro,Brazil,Writer and Afro-Brazilian women's rights advocate,21,0,0,0
2018,Gabriella Di Laccio,Brazil,Soprano and founder of DONNE: Women in Music,21,0,0,0
2017,Adriana Behar,Brazil,General Manager of Sport Planning for the Brazilian Olympic Committee since 2011,21,0,0,0
2017,Ana Luiza Santos de Andrade,Brazil,Student,21,0,0,0
2017,Beatriz Vaz E Silva,Brazil,Athlete,21,0,0,0
2017,Claudianny Drika,Brazil,Football coach,21,0,0,0
2017,Fernanda Nunes,Brazil,Olympic canoeist and blogger,21,0,0,0
2017,Luiza Travassos,Brazil,Student,21,0,0,0
2017,Maira Liguori,Brazil,NGO director,21,0,0,0
2017,MC Soffia,Brazil,Rapper,21,0,0,0
2017,Helena Pacheco,Brazil,Businesswoman and former football coach,21,0,0,0
2016,Marta Vieira da Silva,Brazil,Footballer,21,1,-10,-10
2015,Bel Pesce,Brazil,Entrepreneur,21,0,0,0
2015,Lorrana Scarpioni,Brazil,Entrepreneur,21,0,0,0
2022,Joy Ezeilo,Nigeria,Law professor,18,0,0,0
2022,Ibijoke Faborode,Nigeria,Founder of ElectHER,18,0,0,0
2021,Oluyemi Adetiba-Orija,Nigeria,Founder - Headfort Foundation,18,0,0,0
2021,Chimamanda Ngozi Adichie,Nigeria,Writer,18,0,0,0
2020,Uyaiedu Ikpe-Etim,Nigeria,LGBTQ film director and activist,18,1,-20,30
2020,Aisha Yesufu,Nigeria,Activist - Bring Back Our Girls,18,0,0,0
2019,Salwa Eid Naser,Nigeria,400m world champion runner,18,0,0,0
2018,Abisoye Ajayi-Akinfolarin,Nigeria,"Social impact entrepreneur, Nigeria",18,0,0,0
2018,Amina J. Mohammed,Nigeria,"Deputy secretary general, United Nations",18,0,0,0
2018,Bola Tinubu,Nigeria,Lawyer who established the first free children's helpline in Nigeria,18,0,0,0
2017,Ngozi Okonjo-Iweala,Nigeria,Economist,18,0,0,0
2017,Tiwa Savage,Nigeria,Singer-songwriter,18,0,0,0
2016,Funke Bucknor-Obruthe[35],Nigeria,Planner of glitzy and celebrity weddings,18,0,0,0
2016,Omotade Alalade,Nigeria,Infertility foundation creator,18,0,0,0
2015,Rabia Salihu Said,Nigeria,Physicist,18,1,-20,30
2014,Funmi Iyanda,Nigeria,"Talk show host, journalist, activist",18,0,0,0
2014,Obiageli Ezekwesili,Nigeria,Former World Bank Vice President for Africa and Former Minister for Education,18,0,0,0
2014,Temie Giwa,Nigeria,"Founder of the One Percent Project, facilitating blood donation",18,0,0,0
2022,Asonele Kotu,South Africa,Tech entrepreneur,17,0,0,0
2021,Tlaleng Mofokeng,South Africa,UN’s Rapporteur on the right to health,17,0,0,0
2020,Ishtar Lakhani,South Africa,Feminist activist,17,0,0,0
2020,Bulelwa Mkutukana,South Africa,Singer songwriter,17,0,0,0
2019,Lucinda Evans,South Africa,Women's rights activist and founder of Philisa Abafazi Bethu (Heal our Women),17,0,0,0
2018,Thando Hopa,South Africa,"Model, lawyer and diversity and inclusion advocate",17,0,0,0
2017,Cwengekile Nikiwe Myeni,South Africa,Gogo (granny) support programme manager,17,0,0,0
2016,Gcina Mhlope[36],South Africa,"Author, poet, playwright and storyteller",17,0,0,0
2016,Zoleka Mandela,South Africa,"Writer – survivor of addictions, sexual abuse and cancer. Grand daughter of Nelson Mandela.",17,0,0,0
2016,Zulaikha Patel,South Africa,Thirteen year-old who took stand for young girls with natural hair,17,0,0,0
2016,Thuli Madonsela[36],South Africa,Advocate who combats corruption,17,0,0,0
2015,Nkosazana Dlamini-Zuma,South Africa,Physician and chair of the African Union Commission,17,0,0,0
2015,Zimasa Mabela,South Africa,Naval captain,17,0,0,0
2015,Karabo Mathang,South Africa,Entrepreneur,17,0,0,0
2015,Verashni Pillay,South Africa,Newspaper editor,17,0,0,0
2015,Claire Reid,South Africa,Entrepreneur,17,0,0,0
2014,Andy Kawa,South Africa,Businesswoman and social entrepreneur,17,0,0,0
2022,Ayesha Malik,Pakistan,Judge,17,0,0,0
2021,Abia Akram,Pakistan,Disability leader,17,0,0,0
2021,Laila Haidari,Pakistan,Founder - Mother Camp,17,0,0,0
2021,Malala Yousafzai,Pakistan,"Co-founder, Malala Fund",17,1,-10,30
2020,Sania Nishtar,Pakistan,Global health leader,17,0,0,0
2020,Mahira Khan,Pakistan,Actor and activist,17,0,0,0
2019,Jalila Haider,Pakistan,Human rights lawyer and women's rights advocate,17,0,0,0
2018,Krishna Kumari,Pakistan,Women's rights campaigner elected to Pakistan Senate,17,0,0,0
2017,Momina Mustehsan,Pakistan,Musician,17,0,0,0
2016,Naema Ahmed,Pakistan,Start-up manager,17,0,0,0
2015,Ayesha Ishtiaq,Pakistan,Student,17,0,0,0
2015,Muniba Mazari,Pakistan,Artist and anchorwoman,17,0,0,0
2014,Nigar Nazar,Pakistan,Cartoonist@NigarNazar,17,0,0,0
2014,Sharmeen Obaid Chinoy,Pakistan,Documentary film-maker,17,0,0,0
2014,Saadia Zahidi,Pakistan,Managing Director at the World Economic Forum,17,0,0,0
2014,Sana Saleem,Pakistan,Pakistani campaigner against Internet censorship,17,0,0,0
2014,Sarah Khan,Pakistan,Filmmaker and campaigner,17,0,0,0
2022,Taisia Bekbulatova,Russia,Journalist,15,0,0,0
2022,Alla Pugacheva,Russia,Musician,15,0,0,0
2022,Alexandra Skochilenko,Russia,"Artist, imprisoned by the Russian government for protesting against the Russian invasion of Ukraine",15,0,0,0
2020,Oksana Pushkina,Russia,"Politician, member of the State Duma",15,0,0,0
2020,Yulia Tsvetkova,Russia,"Activist, political prisoner",15,0,0,0
2019,Lyubov Sobol,Russia,Anti-corruption activist,15,0,0,0
2018,Svetlana Alekseeva,Russia,Burns survivor,15,0,0,0
2018,Tamara Cheremnova,Russia,"Author, living with cerebral palsy",15,0,0,0
2017,Marina Potoker,Russia,"Managing director, Rockwool Russia",15,0,0,0
2017,Bella Devyatkina,Russia,Polyglot,15,0,0,0
2016,Yuliya Stepanova,Russia,Whistle-blowing athlete,15,1,-20,40
2016,Maria Zakharova,Russia,Foreign ministry spokeswoman,15,0,0,0
2015,Irina Polyakova,Russia,Paralympian,15,0,0,0
2015,Lubov Russkina,Russia,Reindeer nomad,15,0,0,0
2014,Uldus Bakhtiozina,Russia,Photographer,15,0,0,0
2022,Chanel Contos,Australia,Sexual consent activist,15,0,0,0
2022,Sally Scales,Australia,Artist,15,1,30,-50
2021,Rebel Wilson,Australia,"Actress, writer and producer",15,0,0,0
2020,Macinley Butson,Australia,Inventor,15,0,0,0
2020,Lorna Prendergast,Australia,Dementia researcher,15,0,0,0
2019,Tayla Harris,Australia,Australian rules footballer and boxer,15,0,0,0
2018,Julia Gillard,Australia,27th Prime Minister of Australia,15,0,0,0
2018,Kelly O'Dwyer,Australia,"Minister for jobs and industrial relations, and minister for women in the Australian parliament",15,0,0,0
2017,Karlie Noon[29],Australia,Astronomer,15,0,0,0
2017,Suzanne Doyle-Morris,Australia,Author and expert on gender in the workplace,15,0,0,0
2017,Laura Jordan Bambach,Australia,"Co-Founder & Chief Creative Officer, Mr President and Co-Founder, SheSays",15,0,0,0
2016,Erin Sweeny,Australia,rape psychologist,15,0,0,0
2015,Leimin Duong,Australia,Beer entrepreneur,15,0,0,0
2015,Ella Ingram (activist)[39],Australia,Activist for mental illness anti-discrimination,15,0,0,0
2015,Nikita Ridgeway,Australia,Entrepreneur,15,0,0,0
2022,Judy Kihumba,Kenya,Sign language interpreter,15,0,0,0
2021,Halima Aden,Kenya,Humanitarian and former model,15,0,0,0
2021,Lynn Ngugi,Kenya,Journalist,15,0,0,0
2020,Jemimah Kariuki,Kenya,Doctor & ambulance service creator,15,0,0,0
2020,Phyllis Omido,Kenya,Environmental activist,15,0,0,0
2019,Nanjira Sambuli,Kenya,World Wide Web Foundation digital equality expert,15,0,0,0
2017,Adelle Onyango,Kenya,Radio presenter,15,0,0,0
2017,Anita Nderu,Kenya,Television presenter and radio news anchor,15,0,0,0
2017,Naomi Mwaura,Kenya,"Founder, Flone Initiative and Communications Associate at ITDP Africa",15,0,0,0
2017,Doris Muthoni Wanjira,Kenya,Conductor,15,0,0,0
2016,'Mary',Kenya,Survivor of al-Shabab rape,15,0,0,0
2016,Prathiba Parmar,Kenya,British film maker,15,0,0,0
2015,Linda Kwamboka,Kenya,Entrepreneur,15,0,0,0
2015,Catherine Mahugu,Kenya,Jewelry entrepreneur,15,0,0,0
2014,Emily Kasyoka,Kenya,"Boxer, Kenya",15,0,0,0
2022,Dima Aktaa,Syria,Refugee and parathlete,14,0,0,0
2020,Waad al-Kateab,Syria,"Activist, journalist and filmmaker",14,0,0,0
2020,Safaa Kumari,Syria,Plant virologist,14,0,0,0
2019,Marwa Al-Sabouni,Syria,Architect who runs only Arabic website for architectural news,14,0,0,0
2019,Noor Shaker,Syria,Artificial intelligence innovator,14,0,0,0
2018,Nujeen Mustafa,Syria,"Syrian refugee, activist, and a campaigner on behalf of refugees with disabilities",14,1,30,-60
2018,Dima Nashawi,Syria,"Artist, clown and visual storyteller, who collects and reflects tales from Syria",14,0,0,0
2017,Muzoon Almellehan,Syria,Activist,14,0,0,0
2017,Ahlam al-Rashid,Syria,"Teacher and Head of the Women Empowerment Centre, northern Syria",14,0,0,0
2016,Um-Yehia,Syria,Nurse,14,0,0,0
2015,Muzzon al-Mellehan,Syria,Activist,14,0,0,0
2015,Siba Alaradi,Syria,Structural engineer,14,0,0,0
2015,Nour,Syria,Refugee,14,0,0,0
2014,Khuloud Saba,Syria,Researcher and public health worker,14,0,0,0
2022,Gehad Hamdy,Egypt,Dentist and humanitarian,13,0,0,0
2021,Iman Le Caire,Egypt,Founder - Trans Asylias,13,0,0,0
2020,Nadeen Ashraf,Egypt,Advocate against sexual harassment,13,1,30,-60
2020,Maggie Gobran,Egypt,Coptic nun and child welfare advocate,13,0,0,0
2019,Rana el Kaliouby,Egypt,Artificial emotional intelligence pioneer,13,0,0,0
2019,Farida Osman,Egypt,First woman in Egypt to win a swimming medal,13,0,0,0
2018,Shrouk El-Attar,Egypt,Electronics design engineer,13,0,0,0
2018,Raghda Ezzeldin,Egypt,Free diver,13,0,0,0
2017,Nihal Saad Zaghloul,Egypt,Business development officer and co-founder of Bassma,13,0,0,0
2016,Doaa el-Adl,Egypt,Cartoonist of cat whose stories reflect the news,13,0,0,0
2015,Nawal el-Sadaawi,Egypt,Writer,13,0,0,0
2014,Bahia Shehab,Egypt,"Artist, designer and art historian",13,0,0,0
2014,Sally Sabry,Egypt,Businesswoman,13,0,0,0
2022,María Fernanda Castro Maya,Mexico,Disability activist,12,0,0,0
2022,Ceci Flores,Mexico,Activist,12,0,0,0
2021,Marcelina Bautista,Mexico,Activist and union leader,12,0,0,0
2020,Arussi Unda,Mexico,Campaigner against femicide,12,0,0,0
2019,Yalitza Aparicio,Mexico,Actress and human rights activist,12,0,0,0
2019,Paola Villarreal,Mexico,Computer programmer who developed Data for Justice,12,0,0,0
2018,Claudia Sheinbaum Pardo,Mexico,Mayor of Mexico City and Nobel Peace Prize-winning physicist,12,0,0,0
2017,Tamara De Anda,Mexico,Journalist,12,0,0,0
2016,Carmen Aristegui,Mexico,journalist,12,0,0,0
2016,Marta Sánchez Soler,Mexico,Sociologist,12,0,0,0
2015,Paulina Arreola,Mexico,Entrepreneur,12,0,0,0
2014,Susana Lopez,Mexico,Virologist specialising in rotavirus,12,0,0,0
2018,G.E.M. (Gloria Tang Tsz-kei),People's Republic of China,Singer-songwriter,12,0,0,0
2018,Luo Yang,People's Republic of China,Art photography series on Chinese girls since 2007,12,0,0,0
2018,Jing Zhao,People's Republic of China,Entrepreneur running online sex education network,12,0,0,0
2017,Jin Xing,People's Republic of China,"Dancer, television star and business owner",12,0,0,0
2017,Hou Yifan,People's Republic of China,Chess player,12,1,-30,60
2016,Churan Zheng,People's Republic of China,Women's rights activist arrested for planning protest against sexual harassment on public transportation,12,0,0,0
2016,Ou Xiaobai,People's Republic of China,App developer which links gay and lesbian people for marriages of convenience,12,0,0,0
2015,Zihan Ling,People's Republic of China,Entrepreneur,12,0,0,0
2015,Li Tingting,People's Republic of China,Human rights activist,12,0,0,0
2015,Xian Xu (entrepreneur),People's Republic of China,Entrepreneur,12,0,0,0
2014,Xiaolu Guo,People's Republic of China,Novelist and film-maker,12,0,0,0
2014,Yolanda Wang Yixuan,People's Republic of China,Women's rights campaigner,12,0,0,0
2022,Nathalie Becquart,France,Nun,11,0,0,0
2021,Chloé Lopes Gomes,France,Ballet dancer,11,0,0,0
2021,Elif Shafak,France,Novelist,11,0,0,0
2020,Nadine Kaadan,France,children's author and illustrator,11,0,0,0
2020,Ana Tijoux,France,Chilean hip hop protester,11,0,0,0
2018,Marie Laguerre,France,"Civil engineer and architecture student, who has developed platform where women can share stories of street harassment",11,0,0,0
2017,Leila Smith,France,Artist,11,0,0,0
2016,Corinne Maier,France,French writer,11,0,0,0
2016,Heloise Letissier,France,French singer and songwriter known by her stage name Christine and the Queens,11,0,0,0
2016,Rachida Dati,France,Politician,11,0,0,0
2015,Meryl Benitah,France,Entrepreneur,11,0,0,0
2022,Sofía Heinonen,Argentina,Conservationist,11,0,0,0
2021,Carolina García,Argentina,Director - Netflix,11,0,0,0
2021,Alba Rueda,Argentina,Trans activist,11,0,0,0
2020,Evelina Cabrera,Argentina,Football coach and manager,11,0,0,0
2020,Carolina Castro,Argentina,Advocate for gender equality,11,0,0,0
2019,Mabel Bianco,Argentina,Feminist medical doctor and women's rights activist,11,0,0,0
2018,Analia Bortz,Argentina,"Doctor, rabbi and bioethicist treating women with fertility problems",11,0,0,0
2017,Romina Bernardo (aka Chocolate Remix),Argentina,Musician,11,0,0,0
2016,Mercedes Doretti,Argentina,Forensic anthropologist who investigates crimes against humanity,11,0,0,0
2015,Cecilia Bouzat,Argentina,Biophysicist,11,0,0,0
2015,Estela de Carlotto,Argentina,Human rights activist,11,0,0,0
2021,Azmina Dhrodia,Canada,Safety policy lead - Bumble,11,0,0,0
2019,Autumn Peltier,Canada,Clean water advocate,11,0,0,0
2018,Joy Buolamwini,Canada,Artificial intelligence artist and researcher,11,0,0,0
2018,Janet Harbick,Canada,Altruistic surrogate,11,0,0,0
2018,Donna Strickland,Canada,"Professor of Physics, University of Waterloo, Canada and winner of Nobel Prize in Physics, 2018",11,0,0,0
2017,Maggie MacDonnell,Canada,Teacher,11,0,0,0
2016,Cindy Meston,Canada,Clinical psychology professor,11,1,35,-60
2016,Stephanie Harvey,Canada,"Professional e-gamer ""missharvey""",11,0,0,0
2016,Sunny Leone,Canada,Actress,11,0,0,0
2016,Winnie Harlow,Canada,Model,11,0,0,0
2015,Cristina Randall,Canada,Entrepreneur,11,0,0,0
2022,Velmariri Bambari,Indonesia,Activist,10,0,0,0
2021,Mia Krisna Pratiwi,Indonesia,Environmentalist,10,0,0,0
2020,Salsabila Khairunnisa,Indonesia,Environmental campaigner and school strike for climate leader,10,0,0,0
2020,Febfi Setyawati,Indonesia,"Activist, founder of Untukteman.id",10,0,0,0
2019,Swietenia Puspa Lestari,Indonesia,Founder of the Divers Clean Action Foundation and anti-straw campaigner,10,0,0,0
2018,Sakdiyah Maruf,Indonesia,First female Muslim stand-up comedian,10,0,0,0
2017,Susi Pudjiastuti,Indonesia,Politician and entrepreneur,10,0,0,0
2016,Dwi Handa,Indonesia,Fashion star,10,0,0,0
2016,Kartika Jahja,Indonesia,gender-equality singer,10,0,0,0
2014,Dwi Rubiyanti Kholifah,Indonesia,Women's movement leader,10,0,0,0
2022,Kristina Berdynskykh,Ukraine,Journalist,10,1,-35,-40
2022,Iryna Kondratova,Ukraine,Paediatrician,10,0,0,0
2022,Oleksandra Matviichuk,Ukraine,"Human rights lawyer and pro-democracy activist, helps Ukraine document proof of Russian atrocities resulting from Russia's invasion of Ukraine",10,0,0,0
2022,Yuliia Paievska,Ukraine,Paramedic,10,0,0,0
2022,Yuliia Sachuk,Ukraine,Disability leader,10,0,0,0
2022,Maryna Viazovska,Ukraine,Mathematician,10,0,0,0
2022,Olena Zelenska,Ukraine,"Incumbent First Lady, architect and screenwriter",10,0,0,0
2022,Yana Zinkevych,Ukraine,Medical volunteer and military veteran,10,0,0,0
2020,Anastasia Volkova,Ukraine,Agricultural innovator.,10,0,0,0
2018,Larisa Mikhaltsova,Ukraine,Accordion music teacher who became a model at age 63,10,0,0,0
2022,Reema Juffali,Saudi Arabia,Racing driver,10,0,0,0
2019,Manal Al Dowayan,Saudi Arabia,Saudi photographer and artist,10,0,0,0
2018,Raneen Bukhari,Saudi Arabia,"Curator, gallery manager, and business developer",10,0,0,0
2018,Hayat Sindi,Saudi Arabia,"Biotechnologist, Unesco goodwill ambassador for science and founder of the i2 Institute for imagination and ingenuity",10,0,0,0
2017,Loujain Alhathloul,Saudi Arabia,Student,10,0,0,0
2016,Amy Roko,Saudi Arabia,Comedian who became known via Instagram and Vine,10,0,0,0
2015,Somayya Jabarti,Saudi Arabia,Newspaper editor,10,0,0,0
2015,Rotana Tarabzouni,Saudi Arabia,Singer/songwriter,10,1,-20,40
2014,SDr Yasmin Altwaijri,Saudi Arabia,Mental health and obesity scientist,10,0,0,0
2014,Hatoon Kadi,Saudi Arabia,Comedian,10,1,-30,35
2019,Dayna Ash,Lebanon,Poet and cultural activist,10,0,0,0
2019,Ayah Bdeir,Lebanon,Founder of littleBits and STEM advocate,10,0,0,0
2019,Najat Saliba,Lebanon,Air pollution research,10,0,0,0
2016,Carolina de Oliveira,Lebanon,Mental health activist,10,0,0,0
2016,Liliane Landor,Lebanon,BBC journalist,10,1,35,40
2016,Nay el-Rahi,Lebanon,Harassment tracker,10,0,0,0
2015,Jana Elhassan,Lebanon,Novelist,10,0,0,0
2015,Elissa Freiha,Lebanon,Entrepreneur,10,0,0,0
2014,Hind Hobeika,Lebanon,Founder of Instabeat,10,0,0,0
2014,Bushra El-Turk,Lebanon,Composer for London Symphony Orchestra,10,0,0,0
2022,Aye Nyein Thu,Myanmar,Medical doctor,8,0,0,0
2021,*Ein Soe May,Myanmar,Pro-democracy activist,8,0,0,0
2021,Sister Ann Rose Nu Tawng,Myanmar,Catholic nun,8,0,0,0
2020,Nandar,Myanmar,Feminist activist,8,0,0,0
2015,Tin Tin Yu (teacher),Myanmar,Teacher,8,0,0,0
2014,Wai Wai Nu,Myanmar,"Director, Women Peace Net",8,0,0,0
2014,May Tha Hla,Myanmar,Food aid social worker,8,0,0,0
2014,Sandee Pyne,Myanmar,"Chief executive of Community Partner's International, focused on aid",8,0,0,0
2022,Nigar Marf,Iraq,Nurse,8,0,0,0
2022,Roza Salih,Iraq,"Politician, Scottish Independence activist",8,0,0,0
2020,Nisreen Alwan,Iraq,Health and wellbeing of women through public health,8,0,0,0
2018,Yanar Mohammed,Iraq,President of the Organization of Women's Freedom in Iraq (OWFI),8,0,0,0
2017,Zainab Fadhal,Iraq,Student,8,0,0,0
2015,Nareen Shammo,Iraq,Political activist and journalist,8,0,0,0
2014,Umm Ahmed,Iraq,Sole provider for her family,8,0,0,0
2014,Pinar Ogunc,Iraq,Journalist writing about women's issues and the Kurdish political movement,8,0,0,0
2022,Milli,Thailand,Rap artist,8,0,0,0
2020,Panusaya Sithijirawattanakul,Thailand,Student activist,8,1,-30,40
2020,Kotchakorn Voraakhom,Thailand,Thai landscape architect,8,0,0,0
2020,Cindy Bishop,Thailand,UN goodwill ambassador,8,0,0,0
2019,Dhammananda Bhikkhuni,Thailand,First female Thai Buddhist monk,8,0,0,0
2018,Kanpassorn Suriyasangpetch,Thailand,Mental health advocate and app developer,8,0,0,0
2017,Somporn Khempetch,Thailand,Social worker and teacher[30],8,0,0,0
2014,Salinee Tavaranan,Thailand,Engineer and social entrepreneur,8,0,0,0
2022,Yulimar Rojas,Venezuela,Triple jumper,8,0,0,0
2020,Susana Raffalli,Venezuela,Delivering nutrition to the malnourished,8,0,0,0
2019,Luchita Hurtado,Venezuela,Artist and environmental advocate,8,0,0,0
2018,Maria Corina Machado,Venezuela,Political leader who has campaigned to safeguard democratic processes in Venezuela,8,0,0,0
2018,Valentina Quintero,Venezuela,Journalist promoting tourism and the environment through television programs,8,0,0,0
2016,Evelyn Miralles,Venezuela,NASA engineer,8,0,0,0
2015,Massiel Chávez,Venezuela,Student,8,0,0,0
2015,Neyda Rojas,Venezuela,Nun,8,0,0,0
2020,Etheldreda Nakimuli-Mpungu,Uganda,Mental health programme developer,8,0,0,0
2020,Vanessa Nakate,Uganda,Climate activist,8,0,0,0
2019,Judith Bakirya,Uganda,Organic farmer and women's rights activist,8,0,0,0
2019,Purity Wako,Uganda,Life coach empowering women,8,0,0,0
2017,Agnes Atim Apea,Uganda,Founder and CEO of Hope Co-ops,8,0,0,0
2016,Shriti Vadera,Uganda,Banker who served as UK minister,8,0,0,0
2014,Natumanya Sarah,Uganda,Educator,8,0,0,0
2014,Betty Lalam,Uganda,Director of women's community organisation,8,0,0,0
2020,Sapana Roka Magar,Nepal,Social worker,8,0,0,0
2019,Bonita Sharma,Nepal,Founder of The Social Changemakers and Innovators,8,0,0,0
2018,Uma Devi Badi,Nepal,Leader of the Badi movement and member of the Provincial Assembly in Nepal,8,0,0,0
2017,Indira Rana Magar,Nepal,"Founder, Prisoner's Assistance Nepal",8,0,0,0
2016,Chanira Bajracharya,Nepal,"Former ""living goddess"" or Kumari",8,0,0,0
2016,Lhakpa Sherpa,Nepal,Mountaineer who has climbed Everest seven times.,8,0,0,0
2014,Darshan Karki,Nepal,"Opinion-piece editor at Kathmandu Post daily, blogger",8,0,0,0
2014,Jaya Luintel,Nepal,Journalist and women's rights advocate,8,0,0,0
2022,Sanjida Islam Choya,Bangladesh,Student,7,0,0,0
2020,Rina Akter,Bangladesh,Bangladeshi sex worker turned humanitarian,7,0,0,0
2020,Rima Sultana Rimu,Bangladesh,Humanitarian activist working with Rohingya refugees,7,0,0,0
2019,Jasmin Akter,Bangladesh,Rohingya refugee and cricketer,7,0,0,0
2018,Sima Sarkar,Bangladesh,Full-time mother of 18-year-old disabled child,7,0,0,0
2017,Shantona Rani Roy,Bangladesh,Activist,7,0,0,0
2014,Rubana Huq,Bangladesh,Textile manufacturer,7,0,0,0
2022,Samrawit Fikru,Ethiopia,Tech entrepreneur,7,0,0,0
2022,Wegahta Gebreyohannes Abera,Ethiopia,Humanitarian aid worker,7,0,0,0
2021,Mulu Mefsin,Ethiopia,Nurse,7,0,0,0
2020,Loza Abera Geinore,Ethiopia,Association footballer,7,0,0,0
2018,Mamitu Gashe,Ethiopia,Senior nurse aide and fistula surgeon,7,0,0,0
2017,Derartu Tulu,Ethiopia,Long-distance runner,7,0,0,0
2015,Misraa Jimaa,Ethiopia,Health extension worker,7,0,0,0
2022,Dilek Gürsoy,Germany,Heart surgeon,7,0,0,0
2022,Ursula von der Leyen,Germany,President of the European Commission,7,0,0,0
2020,Erica Baker,Germany,Software engineer,7,0,0,0
2019,Fiona Kolbinger,Germany,First woman cyclist to win the Transcontinental Race,7,0,0,0
2018,Jacqueline Straub,Germany,"Theologian, journalist and author seeking to become a Catholic priest",7,0,0,0
2015,Uta Frith,Germany,Psychologist,7,0,0,0
2015,Jana Tepe,Germany,Entrepreneur,7,0,0,0
2022,Kimiko Hirata,Japan,Climate activist,7,0,0,0
2020,Miho Imada,Japan,Master sake brewer,7,0,0,0
2019,Yumi Ishikawa,Japan,Gender discrimination campaigner and founder of #kutoo movement,7,0,0,0
2019,Hiyori Kon,Japan,Sumo wrestler,7,0,0,0
2018,Yuki Okoda,Japan,"Astronomer, first person to discover a new star that could shed light on the origins of the Solar System",7,0,0,0
2018,Setsuko Takamizawa,Japan,Learning English to help tourists at Tokyo's 2020 Olympic Games,7,0,0,0
2016,Mao Kobayashi,Japan,Cancer blogger,7,0,0,0
2022,Kadri Keung,Hong Kong,Fashion designer,7,0,0,0
2020,Agnes Chow,Hong Kong,Pro-democracy activist,7,0,0,0
2016,Chan Yuen-ting,Hong Kong,football manager,7,0,0,0
2016,Denise Ho,Hong Kong,Pop icon,7,1,-35,-40
2015,Sara Jane Ho,Hong Kong,Entrepreneur,7,0,0,0
2015,Michelle Sun,Hong Kong,Entrepreneur,7,0,0,0
2014,Irene Li,Hong Kong,Citizen journalist who took part in and documented protests,7,0,0,0
2022,Velia Vidal,Colombia,Writer,7,0,0,0
2020,Claudia López Hernández,Colombia,Mayor of Bogotá,7,0,0,0
2019,Francia Márquez,Colombia,"Afro-Colombian environmentalist and leader of 10-day, 350-mile women's march",7,0,0,0
2018,Ophelia Pastrana,Colombia,Comedian and media personality,7,0,0,0
2017,Vicky Colbert,Colombia,Sociologist of education,7,0,0,0
2016,Natalia Ponce de Leon,Colombia,Acid attack victim,7,0,0,0
2014,Paula Moreno,Colombia,Founder of peace foundation Manos Visibles,7,0,0,0
2022,Zhou Xiaoxuan,China,Feminist activist,7,0,0,0
2021,Adelaide Lala Tam,China,Designer,7,0,0,0
2021,Nanfu Wang,China,Film-maker,7,0,0,0
2020,Fang Fang,China,Writer,7,1,35,40
2020,Muyesser Abdul'ehed Hendan,China,Uyghur writer and language activist,7,0,0,0
2019,Huang Wensi,China,Professional boxer,7,0,0,0
2019,Charlene Ren,China,Clean water advocate,7,0,0,0
2021,Tanya Muzinda,Zimbabwe,Motocross athlete,7,0,0,0
2020,Tsitsi Dangarembga,Zimbabwe,Novelist and filmmaker,7,0,0,0
2017,Angeline Murimirwa,Zimbabwe,"Regional executive director, Camfed Southern & Eastern Africa",7,0,0,0
2017,Talent Jumo,Zimbabwe,"Founder and Director, Katswe Sistahood",7,0,0,0
2016,Paula Hawkins,Zimbabwe,"Thriller writer of ""Girl on the Train""",7,0,0,0
2014,Pontso Mafethe,Zimbabwe,"Women's programme manager, Comic Relief@pontso_mafethe",7,0,0,0
2014,Chipo Chung,Zimbabwe,Actor and activist,7,0,0,0
2020,Chu Kim Duc,Vietnam,Architect and child welfare activist,7,0,0,0
2019,Trang Nguyen,Vietnam,Wildlife conservationist,7,0,0,0
2019,Van Thi Nguyen,Vietnam,Co-founder of the Will to Live Center,7,0,0,0
2018,Haven Shepherd,Vietnam,Suicide bomb survivor and Paralympic hopeful,7,0,0,0
2017,Huỳnh Thị Xậm,Vietnam,Librarian,7,0,0,0
2017,Tran Thi Kim Thia,Vietnam,Lottery ticket vendor and swimming coach,7,0,0,0
2017,Nguyễn Thị Tuyết Dung,Vietnam,Footballer,7,0,0,0
2022,Ons Jabeur,Tunisia,Tennis player,6,0,0,0
2019,Hayfa Sdiri,Tunisia,Entrepreneur and UN gender equality campaigner,6,0,0,0
2016,Nadia Khiari,Tunisia,"Cartoonist of 'Willis from Tunis', whose adventures are about the news",6,0,0,0
2015,Sana Ben Ashour,Tunisia,Civil society activist,6,0,0,0
2015,Amina Sboui,Tunisia,Writer and women's rights activist,6,0,0,0
2014,Asma Mansour,Tunisia,Co-founder of Tunisian Centre for Social Entrepreneurship,6,0,0,0
2022,Mie Kyung (Miky) Lee,South Korea,Producer,6,0,0,0
2022,Park Ji-hyun,South Korea,Political reformer,6,0,0,0
2020,Jeong Eun-kyeong,South Korea,"Korea Disease Control and Prevention Agency commissioner, led COVID-19 response",6,1,-35,-40
2019,Soo Jung Lee,South Korea,Forensic psychologist and advocate for anti-stalking bill,6,0,0,0
2018,Park Soo-yeon,South Korea,Digital campaigner against sex crimes,6,0,0,0
2014,Yeonmi Park,South Korea,Activist raising awareness of the plight of her people in North Korea,6,0,0,0
2022,Nana Darkoa Sekyiamah,Ghana,Author,6,0,0,0
2018,Ruth Medufia,Ghana,Female welder acting as role model for young women in the construction industry,6,0,0,0
2018,Brigitte Sossou Perenyi,Ghana,Documentary producer,6,0,0,0
2017,Nana Akua Oppong Birmeh,Ghana,Architect,6,0,0,0
2017,Regina Honu,Ghana,Social entrepreneur,6,0,0,0
2015,Ernestina Edem Appiah,Ghana,"Social entrepreneur, founder Ghana Code Club",6,0,0,0
2021,Sevda Altunoluk,Turkey,Professional goalball player,6,0,0,0
2020,Gülsüm Kav,Turkey,"Doctor, activist, co-founder of We Will Stop Femicide",6,0,0,0
2019,Zehra Sayers,Turkey,Chair of the SESAME project,6,0,0,0
2017,Asena Melisa Saglam,Turkey,Student,6,0,0,0
2016,Seyhan Arman,Turkey,Transgender activist,6,0,0,0
2014,Muge Iplikci,Turkey,Journalist,6,0,0,0
2021,Catherine Corless,Ireland,Local historian,6,0,0,0
2020,Eileen Flynn,Ireland,Senator and social activist,6,0,0,0
2019,Sinéad Burke,Ireland,Disability activist,6,0,0,0
2018,Vicky Phelan,Ireland,Exposed the Irish Cervical Check Screening scandal,6,0,0,0
2016,Janet Ní Shuilleabháin,Ireland,Abortion rights campaigner,6,0,0,0
2014,Cora Sherlock,Ireland,Pro-life campaigner and blogger,6,0,0,0
2022,Maeen Al-Obaidi,Yemen,Lawyer,5,0,0,0
2020,Iman Ghaleb Al-Hamli,Yemen,Manager of a women-run microgrid,5,0,0,0
2019,Samah Subay,Yemen,Lawyer supporting families whose children have 'disappeared',5,0,0,0
2018,Boushra Yahya Almutawakel,Yemen,Photographer,5,0,0,0
2016,Ashwaq Moharram,Yemen,Doctor dealing with starvation in Hudaydah,5,0,0,0
2022,Ainura Sagyn,Kyrgyzstan,Engineer,5,0,0,0
2020,Gulnaz Zhuzbaeva,Kyrgyzstan,Disability activist,5,0,0,0
2018,Alina Anisimova,Kyrgyzstan,student programmer at Kyrgyz Girls' Space School,5,0,0,0
2016,Asel Sadyrova,Kyrgyzstan,Archer,5,0,0,0
2016,Nagira Sabashova,Kyrgyzstan,Wrestler,5,0,0,0
2021,Elisa Loncón Antileo,Chile,President - Constitutional Convention,5,0,0,0
2019,Veronique Thouvenot,Chile,Leader of the Zero Mothers Die initiative,5,0,0,0
2017,María Teresa Ruiz,Chile,Astronomer,5,0,0,0
2017,Michelle Bachelet,Chile,President of Chile,5,0,0,0
2015,Paula Escobar,Chile,Magazine editor,5,0,0,0
2019,Erika Lust,Sweden,"Erotic film director, screenwriter and producer",5,0,0,0
2019,Greta Thunberg,Sweden,Climate change activist,5,0,0,0
2018,Ellen Tejle,Sweden,Campaigner for awareness of women's representation in film,5,0,0,0
2016,Tess Asplund,Sweden,Anti-fascism activist caught in iconic photo resisting fascists,5,0,0,0
2015,Katrine Marcal,Sweden,Writer and journalist,5,0,0,0
2022,Lina Abu Akleh,Palestine,Human rights advocate,4,0,0,0
2016,Amna Suleiman,Palestine,Protester against custom that stops women cycling,4,0,0,0
2015,Azza Jadalla,Palestine,Nurse,4,0,0,0
2015,Rasha Shehada,Palestine,Manufacturing director,4,0,0,0
2022,Sandya Eknelygoda,Sri Lanka,Human rights activist,4,0,0,0
2019,Ashcharya Peiris,Sri Lanka,Blind fashion designer and motivational speaker,4,0,0,0
2018,Asha de Vos,Sri Lanka,Marine biologist,4,0,0,0
2017,Jayanthi Kuru-Utumpala,Sri Lanka,Women's rights activist and mountaineer,4,0,0,0
2022,Efrat Tilma,Israel,Volunteer,4,0,0,0
2019,Danit Peleg,Israel,Fashion designer of 3D-printed clothing,4,0,0,0
2016,Rakefet Russak-Aminoach,Israel,Banker,4,0,0,0
2015,Rivka Carmi,Israel,Geneticist,4,0,0,0
2020,Adriana Albini,Italy,Pathologist and veteran fencer,4,0,0,0
2019,Piera Aiello,Italy,Anti-mafia politician,4,0,0,0
2018,Fabiola Gianotti,Italy,Particle physicist and director general of CERN,4,0,0,0
2017,Nora Tausz Ronai,Italy,Architect and teacher,4,0,0,0
2020,Yee-Sin Leo,Singapore,Research leader,4,0,0,0
2019,Sister Gerard Fernandez,Singapore,Roman Catholic nun and death row counsellor,4,0,0,0
2015,Pauline Ng,Singapore,Entrepreneur,4,0,0,0
2015,Lizanne Teo,Singapore,Entrepreneur,4,0,0,0
2020,Michelle Yeoh,Malaysia,Actress and UN goodwill ambassador,4,1,-35,20
2019,Nisha Ayub,Malaysia,Transgender activist,4,0,0,0
2018,Nenney Shushaidah Binti Shamsuddin,Malaysia,Female Syiriah judge,4,0,0,0
2017,Angie Ng,Malaysia,Founder of SlutWalk Hong Kong,4,0,0,0
2020,Christina Adane,Netherlands,Campaigner against injustices of food system (free school meals),4,0,0,0
2019,Lisa Mandemaker,Netherlands,Designer of prototype artificial womb,4,0,0,0
2017,Rocky Hehakaija,Netherlands,Director Favela Street Foundation and motivational speaker and coach,4,0,0,0
2014,Rebecca Gomperts,Netherlands,"Founder, Women on Waves",4,0,0,0
2020,Deta Hedman,Jamaica,Darts champion,4,0,0,0
2019,Shelly-Ann Fraser-Pryce,Jamaica,100m world sprint champion,4,0,0,0
2016,Heather Rabbatts,Jamaica,Chief Executive of the London Borough of Lambeth,4,0,0,0
2015,Louise Schwartz (showgirl),Jamaica,Showgirl and cabaret performer,4,0,0,0
2020,Ruth Shady,Peru,Archaeologist,4,0,0,0
2018,Isabel Allende,Peru,Writer,4,0,0,0
2018,Cindy Arlette Contreras Bautista,Peru,Lawyer who works against domestic violence as the face of the NiUnaMenos (Not One [woman] Less),4,0,0,0
2016,Mariana Costa Checa,Peru,Businesswoman,4,0,0,0
2019,Kalista Sy,Senegal,Screenwriter of television series Mistress of a Married Man,4,0,0,0
2018,Fatma Samoura,Senegal,Secretary General of FIFA,4,0,0,0
2017,Marieme Jamme,Senegal,Founder of iamtheCODE,4,0,0,0
2016,Egge Kande,Senegal,Community leader who advises young girls about education,4,0,0,0
2018,Reyhan Jamalova,Azerbaijan,"Entrepreneur, founder and CEO of Rainenergy, company that collects energy from rainwater",4,0,0,0
2016,Khadija Ismayilova,Azerbaijan,Journalist,4,0,0,0
2014,Sabina Kurgunayeva,Azerbaijan,Footballer who also runs her own bicycle rental business,4,0,0,0
2014,Arzu Geybullayeva,Azerbaijan,blogger,4,0,0,0
2022,Ona Carbonell,Spain,Swimmer,3,0,0,0
2016,Conchi Reyes Rios,Spain,Bullfighter,3,0,0,0
2015,Elsa Prieto,Spain,Entrepreneur,3,0,0,0
2022,Geraldina Guerra Garcés,Ecuador,Femicide activist,3,0,0,0
2020,Nemonte Nenquimo,Ecuador,Waorani activist,3,0,0,0
2019,Maria Fernanda Espinosa,Ecuador,Fourth woman member of the UN General Assembly,3,0,0,0
2021,Najla El Mangoush,Libya,Libyan Minister of Foreign Affairs,3,0,0,0
2019,Rida Al Tubuly,Libya,Peace campaigner,3,0,0,0
2014,Alaa Murabit,Libya,"Founder, The Voice of Libyan Women",3,0,0,0
2021,Jamila Gordon,Somalia,Chief Executive - Lumachain,3,0,0,0
2020,Ilwad Elman,Somalia,Peace activist,3,0,0,0
2019,Jawahir Roble,Somalia,"UK's first Muslim, black, female, hijab-wearing referee",3,0,0,0
2021,Sevidzem Ernestine Leikeki,Cameroon,Climate activist,3,0,0,0
2018,Olivette Otele,Cameroon,"Professor of History at Bath Spa University, England",3,0,0,0
2014,Boghuma Kabisen Titanji,Cameroon,Virologist and campaigner for ethical medical research,3,0,0,0
2020,Wendy Beatriz Caishpal Jaco,El Salvador,Advocate for the rights of disabled people,3,0,0,0
2018,Ana Graciela Sagastume López,El Salvador,Women and Femicide Special Prosecutor,3,0,0,0
2016,Morena Herrera,El Salvador,Abortion activist,3,0,0,0
2020,Houda Abouz,Morocco,"Rapper, women's rights and gender equality advocate",3,0,0,0
2017,Chaima Lahsini,Morocco,Journalist,3,0,0,0
2016,Reham el-Hour,Morocco,Cartoonist who became professional after winning a UNESCO competition in 2000,3,0,0,0
2020,Yvonne Aki-Sawyerr,Sierra Leone,Freetown mayor,3,0,0,0
2019,Asmaa James,Sierra Leone,Journalist and women's rights activist,3,0,0,0
2015,Nemata Majeks-Walker,Sierra Leone,Women's rights activist,3,0,0,0
2020,Rebeca Gyumi,Tanzania,Lawyer and founder of girls' rights organization Msichana Initiative,3,0,0,0
2019,Julie Makani,Tanzania,Treatment of Sickle Cell Disease,3,0,0,0
2018,Juliet Sargeant,Tanzania,Garden designer,3,0,0,0
2019,Gada Kadoda,Sudan,Founder of the Sudanese Knowledge Society and trainer of community engineers,3,0,0,0
2019,Ahlam Khudr,Sudan,Human rights protest leader,3,0,0,0
2015,Emi Mahmoud,Sudan,Poet,3,0,0,0
2019,Maria Ressa,Philippines,Journalist and founder of Rappler website to expose fake news,3,0,0,0
2018,Joey Mead King,Philippines,Model and television presenter,3,0,0,0
2015,Xyza Bacani,Philippines,Photographer,3,0,0,0
2019,Marilyn Waring,New Zealand,Feminist economist and environmental activist,3,0,0,0
2018,Nanaia Mahuta,New Zealand,"Minister of Maori development, first female parliamentarian to wear a Maori face tattoo",3,0,0,0
2016,Traci Houpapa,New Zealand,Company director,3,0,0,0
2017,Lina Khalifeh,Jordan,Martial arts expert,3,0,0,0
2016,Dalia Sabri,Jordan,Blind music teacher,3,0,0,0
2016,Lubna Tahtamouni,Jordan,Science campaigner,3,0,0,0
2016,Lucy Finch,Malawi,hospice founder (only one in Malawi),3,0,0,0
2015,Eveles Chimala,Malawi,Midwife,3,0,0,0
2014,Joyce Banda,Malawi,Former President of Malawi,3,0,0,0
2022,Sarah Chan,South Sudan,NBA scouter,2,0,0,0
2015,Alek Wek,South Sudan,Fashion model/UN ambassador,2,0,0,0
2022,Eva Copa,Bolivia,Politician,2,0,0,0
2014,Justa Canaviri[42],Bolivia,"Celebrity chef, Bolivia",2,0,0,0
2022,Rita Moreno,Puerto Rico,Actress,2,0,0,0
2017,Melisa Marquez-Rodriguez,Puerto Rico,"Lead Android engineer for website builder, Weebly.com",2,0,0,0
2022,Monica Musonda,Zambia,Businesswoman,2,0,0,0
2020,Mulenga Kapwepwe,Zambia,Artist and founder of the Zambian Women's History Museum,2,0,0,0
2022,Esraa Warda,Algeria,Dancer,2,0,0,0
2019,Raja Meziane,Algeria,"Anti-government songs about social injustice, alleged corruption and inequality",2,0,0,0
2022,Cheng Yen,Taiwan,"Buddhist philanthropist, founder of the Tzu Chi humanitarian organisation",2,0,0,0
2017,Lin Nien-Tzu,Taiwan,"Founder, Dharti Mata Sustainable Workshop",2,0,0,0
2021,Fiamē Naomi Mataʻafa,Samoa,Prime minister of the Independent State of Samoa,2,0,0,0
2018,Fealofani Bruun,Samoa,Traditional Polynesian navigator and qualified yachtmaster,2,0,0,0
2021,Barbara Smolińska,Poland,Founder - Reborn Sugar Babies,2,0,0,0
2015,Zuzanna Stańska,Poland,Entrepreneur,2,0,0,0
2021,Emma Theofelus,Namibia,Politician,2,0,0,0
2018,Helena Ndume,Namibia,"Ophthalmologist who has performed sight-restoring surgeries upon 35,000 Namibians, free of charge",2,0,0,0
2020,Douce Namwezi N'Ibamba,Democratic Republic of the Congo,"Social entrepreneur, journalist and activist",2,0,0,0
2019,Benedicte Mundele,Democratic Republic of the Congo,Fresh food entrepreneur,2,0,0,0
2020,Ubah Ali,Somaliland,Advocate against female genital mutilation,2,0,0,0
2018,Nimco Ali,Somaliland,FGM activist in Somaliland,2,0,0,0
2020,Sanna Marin,Finland,Prime Minister of Finland,2,0,0,0
2019,Sara Wesslin,Finland,Skolt Sami journalist who lobbied for government funding for Sami language teaching,2,0,0,0
2020,Josina Machel,Mozambique,Human rights activist,2,0,0,0
2020,Hayat Mirshad,Mozambique,"Activist, journalist, co-founder of Fe-Male collective",2,0,0,0
2019,Alanoud Alsharekh,Kuwait,Women's rights activist,2,0,0,0
2016,Yasmine Mustafa,Kuwait,Entrepreneur,2,0,0,0
2019,Ida Vitale,Uruguay,Fifth woman to win Cervantes Prize for lifetime writing achievement,2,0,0,0
2015,Victoria Alonsoperez,Uruguay,Entrepreneur,2,0,0,0
2018,Leyla Belyanova,Uzbekistan,"Academic and ecologist, seeking to protect Uzbekistan's birdlife and mountain ecosystems",2,0,0,0
2017,Muhabbat Sharapova,Uzbekistan,Maths teacher,2,0,0,0
2018,Noma Dumezweni,Eswatini,eSwatini actor,2,0,0,0
2016,Ellinah Ntombi Wamukoya,Eswatini,First woman to become a bishop of the Anglican Church of Southern Africa,2,0,0,0
2018,Joseline Esteffania Velasquez Morales,Guatemala,"Student and NGO co-ordinator, campaigning to end forced marriages",2,0,0,0
2016,Isabella Springmuhl Tejada,Guatemala,Fashion designer,2,0,0,0
2017,Mariana Feraru,Romania,Cosmetician,2,0,0,0
2017,Nadia Comaneci,Romania,Olympian,2,1,-35,40
2017,Maria Scorodinschi,Moldova,Campaigner against domestic violence,2,0,0,0
2015,Alina Gracheva,Moldova,Camerawoman,2,0,0,0
2017,Hanne Bingle,Denmark,Retired London Underground driver,2,0,0,0
2016,Sherin Khankan,Denmark,Imam,2,0,0,0
2017,Nawaal Akram,Qatar,"Model, comedian and founder of Muscular Dystrophy Qatar",2,0,0,0
2014,Sarah Hesterman,Qatar,Equal rights campaigner,2,0,0,0
2016,Aline Mukovi Neema,Republic of the Congo,Student activist for political change,2,0,0,0
2015,Naomi Bya’Ombe,Republic of the Congo,Student,2,0,0,0
2015,Antonia Albert,Austria,Entrepreneur,2,0,0,0
2014,Conchita Wurst,Austria,Singer,2,0,0,0
2022,Sandy Cabrera Arteaga,Honduras,Reproductive rights advocate,1,0,0,0
2022,Marie Christina Kolo,Madagascar,Climate entrepreneur,1,0,0,0
2022,Erika Liriano,Dominican Republic,Cocoa entrepreneur,1,0,0,0
2022,Naomi Long,Northern Ireland,Politician,1,0,0,0
2022,Naja Lyberth,Greenland,Psychologist,1,0,0,0
2022,Hadizatou Mani,Niger,Anti-slavery campaigner,1,0,0,0
2022,Laura McAllister,Wales,Professor and former footballer,1,0,0,0
2022,Mia Mottley,Barbados,Prime minister,1,0,0,0
2022,Salima Rhadia Mukansanga,Rwanda,Referee,1,0,0,0
2022,Suvada Selimović,Bosnia and Herzegovina,Peace campaigner,1,0,0,0
2022,Kisanet Tedros,Eritrea,Educational entrepreneur,1,0,0,0
2021,Mónica Araya,Costa Rica,Emissions-free transportation advocate,1,0,0,0
2021,Monica Paulus,Papua New Guinea,Campaigner against sorcery violence,1,0,0,0
2021,Ming-Na Wen,Macau,Actress,1,0,0,0
2021,Yuma,Turkmenistan,Psychotherapist,1,0,0,0
2020,Unsung hero,Worldwide,"The BBC included ""Unsung hero"" on its list as a way to acknowledge the ""countless women around the world"" who ""have made a sacrifice to help others"" in this ""extraordinary year,"" including those who ""have lost their lives while making a difference.""",1,1,-20,30
2020,Sarah Al-Amiri,UAE,"Chair, UAE Space Agency",1,0,0,0
2020,Sviatlana Tsikhanouskaya,Belarus,Belarus politician,1,0,0,0
2020,Angélique Kidjo,Benin,Musician and UNICEF ambassador,1,0,0,0
2020,Karen Dolva,Norway,Co-founder of No Isolation,1,0,0,0
2019,Owl Fisher,Iceland,"Transgender activist, journalist and writer",1,0,0,0
2019,Aïssata Lam,Mauritania,Microfinance expert and women's rights advocate,1,0,0,0
2018,Esra'a Al Shafei,Bahrain,Leads not-for-profit Majal.org,1,0,0,0
2018,Lizt Alfonso,Cuba,"Director and choreographer, Cuba",1,0,0,0
2018,Xiomara Diaz,Nicaragua,Entrepreneur and charity founder,1,0,0,0
2018,Elena Gorolová,Czech Republic,"Social worker, campaigning against forced sterilisation",1,0,0,0
2018,Hindou Oumarou Ibrahim,Chad,Environmentalist and advocate for indigenous people and women,1,0,0,0
2018,Lao Khang,Laos,Rugby player and coach,1,0,0,0
2018,Veasna Chea Leth,Cambodia,"Lawyer, first woman to study law in Cambodia",1,0,0,0
2018,Errollyn Wallen,Belize,Opera composer and performer,1,0,0,0
2018,Tashi Zangmo,Bhutan,Executive director for the Bhutan Nuns Foundation,1,0,0,0
2017,Ellen Johnson Sirleaf,Liberia,President of Liberia,1,0,0,0
2017,Sharon Sabita Beepath,Trinidad and Tobago,"Counsellor, Stand Against Abuse advocate",1,0,0,0
2016,Karima Baloch,Balochistan,Balochistan independence campaigner,1,0,0,0
2016,Renee Rabinowitz,Belgium,Lawyer who sued the El Al airline when she was asked to move as the man next to her objected to sitting by a female passenger,1,0,0,0
2016,Viktoria Modesta,Latvia,Iconic pop artist,1,0,0,0
2015,Alimata Bara,Burkina Faso,Trader,1,0,0,0
2015,Fatou Bensouda,Gambia,International Criminal Court (ICC) Chief Prosecutor,1,0,0,0
2015,Isabel dos Santos,Angola,Investor,1,0,0,0
2015,Aissa Edon,Mali,Midwife,1,0,0,0
2015,Marie-Ange Zimndou Koutou,Central African Republic,Nurse's aide in a war zone,1,0,0,0
2014,Rainatou Sow,Guinea,Founder of Make Every Woman Count,1,0,0,0
2014,Eleni Antoniadou,Greece,Co-Founder Transplants Without Donors,1,0,0,0
2014,Nicola Sturgeon,Scotland,First Minister of Scotland,1,0,0,0
